{"cameraMode":{"drawMode":0,"name":"Shaded","section":"Shading Mode"},"sceneLighting":false,"audioPlay":false,"sceneViewState":{"m_AlwaysRefresh":false,"showFog":true,"showSkybox":false,"showFlares":true,"showImageEffects":true,"showParticleSystems":true,"showVisualEffectGraphs":true,"m_FxEnabled":true},"in2DMode":false,"pivot":{"x":-0.3237975239753723,"y":0.5463372468948364,"z":0.2182149887084961},"rotation":{"x":0.24604499340057374,"y":0.026750724762678148,"z":0.0067685372196137909,"w":-0.9688785672187805},"size":1.8108837604522706,"orthographic":false}