{"cameraMode":{"drawMode":0,"name":"Shaded","section":"Shading Mode"},"sceneLighting":false,"audioPlay":false,"sceneViewState":{"m_AlwaysRefresh":false,"showFog":true,"showSkybox":false,"showFlares":true,"showImageEffects":true,"showParticleSystems":true,"showVisualEffectGraphs":true,"m_FxEnabled":true},"in2DMode":false,"pivot":{"x":-0.4356577396392822,"y":-0.08841347694396973,"z":0.14094030857086183},"rotation":{"x":0.08239209651947022,"y":-0.07010535150766373,"z":-0.005814415402710438,"w":-0.9941235184669495},"size":0.8660253882408142,"orthographic":false}