{"cameraMode":{"drawMode":0,"name":"Shaded","section":"Shading Mode"},"sceneLighting":true,"audioPlay":false,"sceneViewState":{"m_AlwaysRefresh":false,"showFog":true,"showSkybox":true,"showFlares":true,"showImageEffects":true,"showParticleSystems":true,"showVisualEffectGraphs":true,"m_FxEnabled":true},"in2DMode":false,"pivot":{"x":14.737184524536133,"y":-5.870989799499512,"z":130.00088500976563},"rotation":{"x":-0.038783960044384,"y":0.029071230441331865,"z":-0.0012037217384204269,"w":-0.9988927841186523},"size":79.05693817138672,"orthographic":false}