{"cameraMode":{"drawMode":0,"name":"Shaded","section":"Shading Mode"},"sceneLighting":false,"audioPlay":false,"sceneViewState":{"m_AlwaysRefresh":false,"showFog":true,"showSkybox":false,"showFlares":true,"showImageEffects":true,"showParticleSystems":true,"showVisualEffectGraphs":true,"m_FxEnabled":true},"in2DMode":false,"pivot":{"x":-0.5544759035110474,"y":2.894242763519287,"z":-10.740997314453125},"rotation":{"x":-0.05577879771590233,"y":0.011080030351877213,"z":-0.0006298207445070148,"w":-0.9984068274497986},"size":1.0392307043075562,"orthographic":false}